[
  {
    "value": "Blonde",
    "synonyms": [
      "Blonde"
    ]
  },
  {
    "value": "Hocus Pocus 2",
    "synonyms": [
      "Hocus Pocus 2"
    ]
  },
  {
    "value": "Avatar: The Way of Water",
    "synonyms": [
      "Avatar: The Way of Water",
      "Avatar",
      "Avatar 2023",
      "Way of Water"
    ]
  },
  {
    "value": "Operation Fortune: Ruse de Guerre",
    "synonyms": [
      "Operation Fortune: Ruse de Guerre"
    ]
  },
  {
    "value": "Pathaan",
    "synonyms": [
      "Pathaan",
      "Pathan"
    ]
  },
  {
    "value": "Deep Water",
    "synonyms": [
      "Deep Water"
    ]
  },
  {
    "value": "Ghosted",
    "synonyms": [
      "Ghosted"
    ]
  },
  {
    "value": "The Quest for Tom Sawyer\u0027s Gold",
    "synonyms": [
      "The Quest for Tom Sawyer\u0027s Gold"
    ]
  },
  {
    "value": "One Day as a Lion",
    "synonyms": [
      "One Day as a Lion"
    ]
  },
  {
    "value": "Ant-Man and the Wasp: Quantumania",
    "synonyms": [
      "Ant-Man and the Wasp: Quantumania",
      "Ant Man",
      "Ant Man Quantumania"
    ]
  }
]