[
  {
    "id": "9ed882a1-deea-40e0-8f39-01d55386c8b9",
    "data": [
      {
        "text": "\"",
        "userDefined": false
      },
      {
        "text": "Avengers",
        "meta": "@movie-item",
        "alias": "movie-item",
        "userDefined": false
      },
      {
        "text": "\"",
        "userDefined": false
      }
    ],
    "isTemplate": false,
    "count": 0,
    "lang": "en",
    "updated": 0
  },
  {
    "id": "2d6ccf36-19ad-40b3-b6b2-63df23eb5178",
    "data": [
      {
        "text": "\"",
        "userDefined": false
      },
      {
        "text": "Batman",
        "meta": "@movie-item",
        "alias": "movie-item",
        "userDefined": false
      },
      {
        "text": "\"",
        "userDefined": false
      }
    ],
    "isTemplate": false,
    "count": 0,
    "lang": "en",
    "updated": 0
  },
  {
    "id": "8a28d8b0-7611-45ea-9b72-d1c2b52b1a7b",
    "data": [
      {
        "text": "Tell me ",
        "userDefined": false
      },
      {
        "text": "Avatar",
        "meta": "@movie-item",
        "alias": "movie-item",
        "userDefined": false
      },
      {
        "text": " movie",
        "userDefined": false
      }
    ],
    "isTemplate": false,
    "count": 0,
    "lang": "en",
    "updated": 0
  },
  {
    "id": "8084aace-1ad3-47bf-89eb-5aeb284cbb0b",
    "data": [
      {
        "text": "I ",
        "userDefined": false
      },
      {
        "text": "want",
        "userDefined": false
      },
      {
        "text": " to know about the movie ",
        "userDefined": false
      },
      {
        "text": "Blonde",
        "meta": "@movie-item",
        "alias": "movie-item",
        "userDefined": true
      }
    ],
    "isTemplate": false,
    "count": 0,
    "lang": "en",
    "updated": 0
  },
  {
    "id": "d97bf616-9c7b-47ad-ab50-5d5e0274cdcc",
    "data": [
      {
        "text": "Tell me about ",
        "userDefined": false
      },
      {
        "text": "Pathaan",
        "meta": "@movie-item",
        "alias": "movie-item",
        "userDefined": false
      },
      {
        "text": " movie",
        "userDefined": false
      }
    ],
    "isTemplate": false,
    "count": 0,
    "lang": "en",
    "updated": 0
  }
]