[
  {
    "id": "92647887-701c-4787-8cbf-fa8e775fa520",
    "data": [
      {
        "text": "How do I add a movie to my cart for purchase?",
        "userDefined": false
      }
    ],
    "isTemplate": false,
    "count": 0,
    "lang": "en",
    "updated": 0
  },
  {
    "id": "970cd201-20e4-4808-8635-6e3d3e1f18b4",
    "data": [
      {
        "text": "I\u0027m ready to buy a movie. What\u0027s the next step?",
        "userDefined": false
      }
    ],
    "isTemplate": false,
    "count": 0,
    "lang": "en",
    "updated": 0
  },
  {
    "id": "ea3d738a-7373-409c-8dd2-ed5f1be54c43",
    "data": [
      {
        "text": "Can you guide me on how to buy a movie online?",
        "userDefined": false
      }
    ],
    "isTemplate": false,
    "count": 0,
    "lang": "en",
    "updated": 0
  },
  {
    "id": "ee66f08a-47b0-4d20-aab2-18e7907f66cc",
    "data": [
      {
        "text": "I\u0027m interested in buying a movie. What are the steps?",
        "userDefined": false
      }
    ],
    "isTemplate": false,
    "count": 0,
    "lang": "en",
    "updated": 0
  },
  {
    "id": "79841a36-fcc3-4b88-a531-5b302a1f1bf9",
    "data": [
      {
        "text": "How can I buy a movie from your website?",
        "userDefined": false
      }
    ],
    "isTemplate": false,
    "count": 0,
    "lang": "en",
    "updated": 0
  },
  {
    "id": "6ab82e78-a037-4a16-8800-289b545611a6",
    "data": [
      {
        "text": "I\u0027d like to purchase a movie.",
        "userDefined": false
      }
    ],
    "isTemplate": false,
    "count": 0,
    "lang": "en",
    "updated": 0
  },
  {
    "id": "1f9582c4-9a3e-4a11-bf7f-dd3fcea54946",
    "data": [
      {
        "text": "i want to buy a movie",
        "userDefined": false
      }
    ],
    "isTemplate": false,
    "count": 0,
    "lang": "en",
    "updated": 0
  },
  {
    "id": "cd6f1822-286f-4fa0-9015-263ffbb5a1e3",
    "data": [
      {
        "text": "buy movie",
        "userDefined": false
      }
    ],
    "isTemplate": false,
    "count": 0,
    "lang": "en",
    "updated": 0
  }
]