[
  {
    "id": "1f009c47-e685-4f80-8795-dc367eff1a31",
    "data": [
      {
        "text": "It is ok",
        "userDefined": false
      }
    ],
    "isTemplate": false,
    "count": 0,
    "lang": "en",
    "updated": 0
  },
  {
    "id": "4db1f41c-b849-4fa8-b49d-00e7719f2fee",
    "data": [
      {
        "text": "Its correct",
        "userDefined": false
      }
    ],
    "isTemplate": false,
    "count": 0,
    "lang": "en",
    "updated": 0
  },
  {
    "id": "960f17b2-0877-44ad-a273-8e612eb1946f",
    "data": [
      {
        "text": "Confirm",
        "userDefined": false
      }
    ],
    "isTemplate": false,
    "count": 0,
    "lang": "en",
    "updated": 0
  },
  {
    "id": "66c6e730-17d9-49d3-b046-da2b8b324065",
    "data": [
      {
        "text": "ya. ok",
        "userDefined": false
      }
    ],
    "isTemplate": false,
    "count": 0,
    "lang": "en",
    "updated": 0
  }
]